"name","notch","supername","package","side"
"RecipesArmor","z","","net/minecraft/src","0"
"ModelSheep1","ea","ModelQuadruped","net/minecraft/src","0"
"Packet1Login","nz","Packet","net/minecraft/src","0"
"GuiDownloadTerrain","gg","GuiScreen","net/minecraft/src","0"
"StatTypeTime","bo","","net/minecraft/src","0"
"IProgressUpdate","yb","","net/minecraft/src","0"
"InventoryCraftResult","wl","","net/minecraft/src","0"
"SaveOldDir","mx","SaveHandler","net/minecraft/src","0"
"ItemHoe","la","Item","net/minecraft/src","0"
"EntityFX","xw","Entity","net/minecraft/src","0"
"Packet54PlayNoteBlock","vw","Packet","net/minecraft/src","0"
"BlockNetherrack","yi","Block","net/minecraft/src","0"
"IBlockAccess","xp","","net/minecraft/src","0"
"RenderManager","th","","net/minecraft/src","0"
"BlockRedstoneRepeater","wo","Block","net/minecraft/src","0"
"ModelMinecart","nq","ModelBase","net/minecraft/src","0"
"Packet2Handshake","mp","Packet","net/minecraft/src","0"
"RenderGlobal","n","","net/minecraft/src","0"
"J_JsonArrayNodeBuilder","ed","","net/minecraft/src","0"
"ItemRecord","tr","Item","net/minecraft/src","0"
"WorldGenFlowers","be","WorldGenerator","net/minecraft/src","0"
"BlockTallGrass","ru","BlockFlower","net/minecraft/src","0"
"ModelBoat","ez","ModelBase","net/minecraft/src","0"
"EntityFlying","wq","EntityLiving","net/minecraft/src","0"
"EffectRenderer","dn","","net/minecraft/src","0"
"RegionFileChunkBuffer","hz","","net/minecraft/src","0"
"SoundPool","hr","","net/minecraft/src","0"
"GuiSlotStatsBlock","ga","GuiSlotStats","net/minecraft/src","0"
"NetworkReaderThread","xj","","net/minecraft/src","0"
"GuiConflictWarning","qh","GuiScreen","net/minecraft/src","0"
"MaterialPortal","ou","Material","net/minecraft/src","0"
"Packet106Transaction","oj","Packet","net/minecraft/src","0"
"MovingObjectPosition","vf","","net/minecraft/src","0"
"BlockTNT","ah","Block","net/minecraft/src","0"
"Material","ln","","net/minecraft/src","0"
"BlockStationary","nx","BlockFluid","net/minecraft/src","0"
"ChunkPosition","wf","","net/minecraft/src","0"
"BlockLeavesBase","nr","Block","net/minecraft/src","0"
"NextTickListEntry","qy","","net/minecraft/src","0"
"J_SajParser","an","","net/minecraft/src","0"
"InventoryCrafting","mq","","net/minecraft/src","0"
"EntityPigZombie","ya","EntityZombie","net/minecraft/src","0"
"Gui","ub","","net/minecraft/src","0"
"EntityFootStepFX","gl","EntityFX","net/minecraft/src","0"
"FontRenderer","sj","","net/minecraft/src","0"
"GuiSlider","vz","GuiButton","net/minecraft/src","0"
"RenderItem","bb","Render","net/minecraft/src","0"
"ItemStack","iz","","net/minecraft/src","0"
"Packet31RelEntityMove","sv","Packet30Entity","net/minecraft/src","0"
"RenderGiantZombie","yg","RenderLiving","net/minecraft/src","0"
"SaveFormatOld","tq","","net/minecraft/src","0"
"EntityClientPlayerMP","tk","EntityPlayerSP","net/minecraft/src","0"
"EntityPortalFX","op","EntityFX","net/minecraft/src","0"
"BlockFence","jw","Block","net/minecraft/src","0"
"KeyBinding","qb","","net/minecraft/src","0"
"BlockLeaves","bk","BlockLeavesBase","net/minecraft/src","0"
"BlockNote","pt","BlockContainer","net/minecraft/src","0"
"BlockLockedChest","ks","Block","net/minecraft/src","0"
"BiomeGenDesert","fs","BiomeGenBase","net/minecraft/src","0"
"StatsSyncher","cj","","net/minecraft/src","0"
"EntityFallingSand","ju","Entity","net/minecraft/src","0"
"ChunkFilePattern","rs","","net/minecraft/src","0"
"J_LeafFunctor","ba","","net/minecraft/src","0"
"Packet28EntityVelocity","gj","Packet","net/minecraft/src","0"
"J_JsonTrueNodeBuilder","ua","","net/minecraft/src","0"
"WorldGenDeadBush","kt","WorldGenerator","net/minecraft/src","0"
"ISaveHandler","wt","","net/minecraft/src","0"
"BiomeGenRainforest","yj","BiomeGenBase","net/minecraft/src","0"
"Packet130UpdateSign","ui","Packet","net/minecraft/src","0"
"RenderSlime","mj","RenderLiving","net/minecraft/src","0"
"RenderArrow","mc","Render","net/minecraft/src","0"
"ItemPainting","ym","Item","net/minecraft/src","0"
"CodecMus","io","","net/minecraft/src","0"
"GuiChest","hp","GuiContainer","net/minecraft/src","0"
"MinecraftError","xx","","net/minecraft/src","0"
"EntitySlimeFX","pb","EntityFX","net/minecraft/src","0"
"WorldGenDungeons","er","WorldGenerator","net/minecraft/src","0"
"ItemRenderer","ra","","net/minecraft/src","0"
"SoundPoolEntry","bh","","net/minecraft/src","0"
"RenderLiving","gv","Render","net/minecraft/src","0"
"BlockCactus","or","Block","net/minecraft/src","0"
"EntityPlayer","gs","EntityLiving","net/minecraft/src","0"
"BiomeGenBase","kd","","net/minecraft/src","0"
"MaterialLiquid","sg","Material","net/minecraft/src","0"
"SaveConverterMcRegion","hi","SaveFormatOld","net/minecraft/src","0"
"PlayerControllerSP","os","PlayerController","net/minecraft/src","0"
"Packet12PlayerLook","vh","Packet10Flying","net/minecraft/src","0"
"ThreadCloseConnection","xh","","net/minecraft/src","0"
"LoadingScreenRenderer","mk","","net/minecraft/src","0"
"Packet6SpawnPosition","rc","Packet","net/minecraft/src","0"
"BlockBreakable","jp","Block","net/minecraft/src","0"
"TextureWaterFlowFX","oh","TextureFX","net/minecraft/src","0"
"IChunkProvider","cl","","net/minecraft/src","0"
"BlockMushroom","tl","BlockFlower","net/minecraft/src","0"
"ThreadCheckHasPaid","kp","","net/minecraft/src","0"
"WorldGenLakes","dj","WorldGenerator","net/minecraft/src","0"
"WorldRenderer","dk","","net/minecraft/src","0"
"WorldGenLiquids","xo","WorldGenerator","net/minecraft/src","0"
"BlockObsidian","fb","BlockStone","net/minecraft/src","0"
"ThreadStatSyncherReceive","vk","","net/minecraft/src","0"
"SoundManager","yo","","net/minecraft/src","0"
"RenderPig","me","RenderLiving","net/minecraft/src","0"
"J_JsonStringNodeBuilder","f","","net/minecraft/src","0"
"RenderList","tg","","net/minecraft/src","0"
"WorldGenTallGrass","ap","WorldGenerator","net/minecraft/src","0"
"Packet13PlayerLookMove","ev","Packet10Flying","net/minecraft/src","0"
"ThreadDownloadImageData","ek","","net/minecraft/src","0"
"ModelRenderer","ps","","net/minecraft/src","0"
"GuiSleepMP","gh","GuiChat","net/minecraft/src","0"
"Empty1","gw","","net/minecraft/src","0"
"BlockIce","nk","BlockBreakable","net/minecraft/src","0"
"TileEntityMobSpawner","cy","TileEntity","net/minecraft/src","0"
"RenderBlocks","cv","","net/minecraft/src","0"
"EntityWolf","gi","EntityAnimal","net/minecraft/src","0"
"ItemDoor","hu","Item","net/minecraft/src","0"
"TexturePackCustom","vp","TexturePackBase","net/minecraft/src","0"
"WorldInfo","ei","","net/minecraft/src","0"
"Packet","ki","","net/minecraft/src","0"
"CanvasMojangLogo","fy","","net/minecraft/src","0"
"EntitySnowball","by","Entity","net/minecraft/src","0"
"ItemShears","bl","Item","net/minecraft/src","0"
"Entity","sn","","net/minecraft/src","0"
"IChunkLoader","bf","","net/minecraft/src","0"
"J_JsonNodeFactories","ol","","net/minecraft/src","0"
"SorterStatsBlock","pr","","net/minecraft/src","0"
"BlockRedstoneOre","bs","Block","net/minecraft/src","0"
"J_JsonNodeDoesNotMatchPathElementsException","ao","J_JsonNodeDoesNotMatchJsonNodeSelectorException","net/minecraft/src","0"
"RenderBiped","v","RenderLiving","net/minecraft/src","0"
"NBTTagDouble","sz","NBTBase","net/minecraft/src","0"
"ScreenShotHelper","hj","","net/minecraft/src","0"
"GuiControls","up","GuiScreen","net/minecraft/src","0"
"BlockDetectorRail","ph","BlockRail","net/minecraft/src","0"
"ChatAllowedCharacters","fp","","net/minecraft/src","0"
"AxisAlignedBB","eq","","net/minecraft/src","0"
"WorldGenMinable","fl","WorldGenerator","net/minecraft/src","0"
"TexturedQuad","tz","","net/minecraft/src","0"
"TileEntitySign","yk","TileEntity","net/minecraft/src","0"
"BlockStone","eo","Block","net/minecraft/src","0"
"Packet100OpenWindow","iw","Packet","net/minecraft/src","0"
"Packet23VehicleSpawn","so","Packet","net/minecraft/src","0"
"PathPoint","d","","net/minecraft/src","0"
"ModelGhast","lo","ModelBase","net/minecraft/src","0"
"EntitySlime","uw","EntityLiving","net/minecraft/src","0"
"Packet102WindowClick","qs","Packet","net/minecraft/src","0"
"ItemSoup","bz","ItemFood","net/minecraft/src","0"
"EntityEgg","vv","Entity","net/minecraft/src","0"
"RenderMinecart","tb","Render","net/minecraft/src","0"
"GuiOptions","co","GuiScreen","net/minecraft/src","0"
"TextureLavaFlowFX","if","TextureFX","net/minecraft/src","0"
"ColorizerFoliage","jh","","net/minecraft/src","0"
"ChunkProviderSky","jd","","net/minecraft/src","0"
"EntityBubbleFX","cr","EntityFX","net/minecraft/src","0"
"GuiContainer","id","GuiScreen","net/minecraft/src","0"
"Packet27Position","ql","Packet","net/minecraft/src","0"
"EnumOptionsMappingHelper","fq","","net/minecraft/src","0"
"MaterialTransparent","lu","Material","net/minecraft/src","0"
"ISaveFormat","nl","","net/minecraft/src","0"
"GuiFurnace","ov","GuiContainer","net/minecraft/src","0"
"TextureWatchFX","ku","TextureFX","net/minecraft/src","0"
"EntityItem","hl","Entity","net/minecraft/src","0"
"EntityPlayerSP","dc","EntityPlayer","net/minecraft/src","0"
"NBTTagShort","ul","NBTBase","net/minecraft/src","0"
"EnumToolMaterial","bu","","net/minecraft/src","0"
"BlockCake","um","Block","net/minecraft/src","0"
"ItemBoat","vd","Item","net/minecraft/src","0"
"BlockPressurePlate","bv","Block","net/minecraft/src","0"
"EntityRenderer","px","","net/minecraft/src","0"
"ClippingHelper","dr","","net/minecraft/src","0"
"SpawnListEntry","bj","","net/minecraft/src","0"
"EntitySkeleton","fr","EntityMob","net/minecraft/src","0"
"BlockFluid","rp","Block","net/minecraft/src","0"
"J_ThingWithPosition","et","","net/minecraft/src","0"
"PathEntity","dh","","net/minecraft/src","0"
"Render","bw","","net/minecraft/src","0"
"BlockSoulSand","oa","Block","net/minecraft/src","0"
"MCHashEntry","wm","","net/minecraft/src","0"
"TileEntityPiston","uk","TileEntity","net/minecraft/src","0"
"BlockJukeBox","fo","BlockContainer","net/minecraft/src","0"
"StepSoundStone","al","StepSound","net/minecraft/src","0"
"ItemSlab","en","ItemBlock","net/minecraft/src","0"
"ModelWolf","o","ModelBase","net/minecraft/src","0"
"GuiYesNo","qt","GuiScreen","net/minecraft/src","0"
"ItemPiston","qr","ItemBlock","net/minecraft/src","0"
"Packet4UpdateTime","hg","Packet","net/minecraft/src","0"
"GuiAchievements","xm","GuiScreen","net/minecraft/src","0"
"EnumArt","iq","","net/minecraft/src","0"
"Packet29DestroyEntity","rv","Packet","net/minecraft/src","0"
"EnumSkyBlock","eb","","net/minecraft/src","0"
"TextureFX","aw","","net/minecraft/src","0"
"CompressedStreamTools","as","","net/minecraft/src","0"
"EntitySpider","cn","EntityMob","net/minecraft/src","0"
"GuiSlotStats","iv","GuiSlot","net/minecraft/src","0"
"EntityMinecart","yl","Entity","net/minecraft/src","0"
"ItemSnowball","dm","Item","net/minecraft/src","0"
"EntityAnimal","bg","EntityCreature","net/minecraft/src","0"
"IMob","ff","","net/minecraft/src","0"
"J_Functor","yp","","net/minecraft/src","0"
"ModelBiped","fh","ModelBase","net/minecraft/src","0"
"BlockDoor","le","Block","net/minecraft/src","0"
"PlayerControllerTest","pj","PlayerController","net/minecraft/src","0"
"WatchableObject","ma","","net/minecraft/src","0"
"BlockCrops","ni","BlockFlower","net/minecraft/src","0"
"RecipesIngots","tp","","net/minecraft/src","0"
"GuiSmallButton","ab","GuiButton","net/minecraft/src","0"
"MapDataBase","hm","","net/minecraft/src","0"
"StepSound","ct","","net/minecraft/src","0"
"ScaledResolution","qq","","net/minecraft/src","0"
"Packet7UseEntity","a","Packet","net/minecraft/src","0"
"RenderWolf","we","RenderLiving","net/minecraft/src","0"
"GuiVideoSettings","nj","GuiScreen","net/minecraft/src","0"
"GuiSlotStatsItem","ci","GuiSlotStats","net/minecraft/src","0"
"EntityLavaFX","fg","EntityFX","net/minecraft/src","0"
"Session","gr","","net/minecraft/src","0"
"Packet105UpdateProgressbar","mv","Packet","net/minecraft/src","0"
"ItemLog","go","ItemBlock","net/minecraft/src","0"
"SlotCrafting","yv","Slot","net/minecraft/src","0"
"MapStorage","hc","","net/minecraft/src","0"
"J_JsonFieldNodeSelector","qi","J_LeafFunctor","net/minecraft/src","0"
"MusInputStream","np","","net/minecraft/src","0"
"WorldGenFire","xs","WorldGenerator","net/minecraft/src","0"
"BlockStep","ys","Block","net/minecraft/src","0"
"StatBasic","yd","StatBase","net/minecraft/src","0"
"BlockRedstoneWire","sm","Block","net/minecraft/src","0"
"BlockGrass","wp","Block","net/minecraft/src","0"
"Explosion","qx","","net/minecraft/src","0"
"GuiSlotStatsGeneral","su","GuiSlot","net/minecraft/src","0"
"ItemEgg","mo","Item","net/minecraft/src","0"
"BlockRail","pc","Block","net/minecraft/src","0"
"GuiEditSign","yc","GuiScreen","net/minecraft/src","0"
"McRegionChunkLoader","ld","","net/minecraft/src","0"
"BlockOre","mt","Block","net/minecraft/src","0"
"GuiScreen","da","Gui","net/minecraft/src","0"
"DataWatcher","ud","","net/minecraft/src","0"
"Packet20NamedEntitySpawn","mf","Packet","net/minecraft/src","0"
"ItemCoal","rx","Item","net/minecraft/src","0"
"MovementInputFromOptions","lr","MovementInput","net/minecraft/src","0"
"Packet3Chat","pe","Packet","net/minecraft/src","0"
"GuiTexturePackSlot","de","GuiSlot","net/minecraft/src","0"
"EntityGiantZombie","nt","EntityMob","net/minecraft/src","0"
"CanvasMinecraftApplet","r","","net/minecraft/src","0"
"EnumOS2","pd","","net/minecraft/src","0"
"Packet38EntityStatus","jf","Packet","net/minecraft/src","0"
"ItemArmor","wa","Item","net/minecraft/src","0"
"GuiParticle","du","Gui","net/minecraft/src","0"
"Packet33RelEntityMoveLook","pz","Packet30Entity","net/minecraft/src","0"
"TextureWaterFX","vs","TextureFX","net/minecraft/src","0"
"WorldProviderSky","ay","WorldProvider","net/minecraft/src","0"
"AchievementMap","b","","net/minecraft/src","0"
"BlockSand","gk","Block","net/minecraft/src","0"
"WorldGenPumpkin","wx","WorldGenerator","net/minecraft/src","0"
"NBTTagCompound","nu","NBTBase","net/minecraft/src","0"
"WorldGenGlowStone2","sf","WorldGenerator","net/minecraft/src","0"
"ModelSkeleton","lc","ModelZombie","net/minecraft/src","0"
"ICrafting","ec","","net/minecraft/src","0"
"GuiInventory","ue","GuiContainer","net/minecraft/src","0"
"ItemFishingRod","cs","Item","net/minecraft/src","0"
"EntitySquid","xt","EntityWaterMob","net/minecraft/src","0"
"BiomeGenForest","rb","BiomeGenBase","net/minecraft/src","0"
"GuiSelectWorld","rq","GuiScreen","net/minecraft/src","0"
"GuiIngameMenu","oz","GuiScreen","net/minecraft/src","0"
"MapGenCavesHell","pk","MapGenBase","net/minecraft/src","0"
"ChunkProviderClient","uv","","net/minecraft/src","0"
"NBTTagFloat","p","NBTBase","net/minecraft/src","0"
"TileEntityFurnace","sk","TileEntity","net/minecraft/src","0"
"EntityLiving","ls","Entity","net/minecraft/src","0"
"IInvBasic","hv","","net/minecraft/src","0"
"PositionTextureVertex","ib","","net/minecraft/src","0"
"ChunkLoader","to","","net/minecraft/src","0"
"GuiErrorScreen","x","GuiScreen","net/minecraft/src","0"
"BlockWeb","rn","Block","net/minecraft/src","0"
"ModelBase","ko","","net/minecraft/src","0"
"GuiIngame","uq","Gui","net/minecraft/src","0"
"ItemSapling","mr","ItemBlock","net/minecraft/src","0"
"EmptyChunk","li","Chunk","net/minecraft/src","0"
"J_JsonFormatter","ml","","net/minecraft/src","0"
"ModelSheep2","mw","ModelQuadruped","net/minecraft/src","0"
"GuiTexturePacks","ft","GuiScreen","net/minecraft/src","0"
"NBTTagString","xb","NBTBase","net/minecraft/src","0"
"ChunkProviderLoadOrGenerate","kx","","net/minecraft/src","0"
"J_JsonFalseNodeBuilder","ty","","net/minecraft/src","0"
"ChunkBlockMap","vi","","net/minecraft/src","0"
"SaveHandler","fm","","net/minecraft/src","0"
"ShapelessRecipes","tt","","net/minecraft/src","0"
"TextureFlamesFX","sd","TextureFX","net/minecraft/src","0"
"RenderCow","va","RenderLiving","net/minecraft/src","0"
"BlockSponge","xf","Block","net/minecraft/src","0"
"ItemMinecart","rl","Item","net/minecraft/src","0"
"BlockWorkbench","fi","Block","net/minecraft/src","0"
"EntityCreature","ii","EntityLiving","net/minecraft/src","0"
"Teleporter","ur","","net/minecraft/src","0"
"MapColor","dx","","net/minecraft/src","0"
"RailLogic","vo","","net/minecraft/src","0"
"MapCoord","ax","","net/minecraft/src","0"
"Achievement","ny","StatBase","net/minecraft/src","0"
"J_JsonNodeDoesNotMatchChainedJsonNodeSelectorException","mz","J_JsonNodeDoesNotMatchJsonNodeSelectorException","net/minecraft/src","0"
"J_JsonListenerToJdomAdapter","lt","","net/minecraft/src","0"
"TileEntityRecordPlayer","eg","TileEntity","net/minecraft/src","0"
"CanvasIsomPreview","bd","","net/minecraft/src","0"
"ImageBufferDownload","rr","","net/minecraft/src","0"
"J_JsonNumberNode","ja","J_JsonNode","net/minecraft/src","0"
"MouseHelper","vy","","net/minecraft/src","0"
"StatFileWriter","xi","","net/minecraft/src","0"
"EnumOptions","ht","","net/minecraft/src","0"
"WorldClient","mm","World","net/minecraft/src","0"
"MCHash","jx","","net/minecraft/src","0"
"BlockPistonMoving","ut","BlockContainer","net/minecraft/src","0"
"MinecraftImpl","kq","Minecraft","net/minecraft/src","0"
"Path","lf","","net/minecraft/src","0"
"J_JsonFieldBuilder","pn","","net/minecraft/src","0"
"Item","gm","","net/minecraft/src","0"
"J_JsonObjectNodeList","oy","","net/minecraft/src","0"
"TileEntity","ow","","net/minecraft/src","0"
"BlockFlowing","om","BlockFluid","net/minecraft/src","0"
"EnumOSMappingHelper","kn","","net/minecraft/src","0"
"WorldGenTaiga1","pw","WorldGenerator","net/minecraft/src","0"
"InventoryPlayer","ix","","net/minecraft/src","0"
"Slot","gp","","net/minecraft/src","0"
"ModelBed","jj","","net/minecraft/src","0"
"EntityRainFX","xd","EntityFX","net/minecraft/src","0"
"ItemBed","lp","Item","net/minecraft/src","0"
"EntityCreeper","gb","EntityMob","net/minecraft/src","0"
"Packet101CloseWindow","mn","Packet","net/minecraft/src","0"
"Packet24MobSpawn","jm","Packet","net/minecraft/src","0"
"J_InvalidSyntaxException","xe","","net/minecraft/src","0"
"ItemRedstone","ie","Item","net/minecraft/src","0"
"Packet14BlockDig","jv","Packet","net/minecraft/src","0"
"OpenGlCapsChecker","cx","","net/minecraft/src","0"
"J_JsonStringNode","qa","J_JsonNode","net/minecraft/src","0"
"MapInfo","si","","net/minecraft/src","0"
"NetClientHandler","nb","NetHandler","net/minecraft/src","0"
"ItemTool","dq","Item","net/minecraft/src","0"
"ImageBuffer","nf","","net/minecraft/src","0"
"Container","dw","","net/minecraft/src","0"
"EntityPig","wh","EntityAnimal","net/minecraft/src","0"
"GuiGameOver","ch","GuiScreen","net/minecraft/src","0"
"J_JsonNumberNodeBuilder","oc","","net/minecraft/src","0"
"EntityFish","lx","Entity","net/minecraft/src","0"
"Packet5PlayerInventory","s","Packet","net/minecraft/src","0"
"NoiseGeneratorOctaves","uf","NoiseGenerator","net/minecraft/src","0"
"ItemBlock","ck","Item","net/minecraft/src","0"
"BlockPumpkin","fc","Block","net/minecraft/src","0"
"Packet30Entity","uh","Packet","net/minecraft/src","0"
"SorterStatsItem","gf","","net/minecraft/src","0"
"J_JdomParser","hx","","net/minecraft/src","0"
"RenderLightningBolt","pi","Render","net/minecraft/src","0"
"InventoryBasic","qo","","net/minecraft/src","0"
"ItemFood","yw","Item","net/minecraft/src","0"
"UnexpectedThrowable","mh","","net/minecraft/src","0"
"StatStringFormatKeyInv","kh","","net/minecraft/src","0"
"Packet255KickDisconnect","yr","Packet","net/minecraft/src","0"
"StatCrafting","tw","StatBase","net/minecraft/src","0"
"ItemBow","qz","Item","net/minecraft/src","0"
"J_JsonArrayNodeSelector","kf","J_LeafFunctor","net/minecraft/src","0"
"WorldGenBigTree","ih","WorldGenerator","net/minecraft/src","0"
"ItemSeeds","rk","Item","net/minecraft/src","0"
"WorldGenGlowStone1","gd","WorldGenerator","net/minecraft/src","0"
"EntitySmokeFX","xn","EntityFX","net/minecraft/src","0"
"EntityPickupFX","em","EntityFX","net/minecraft/src","0"
"RecipesFood","od","","net/minecraft/src","0"
"ContainerDispenser","sh","Container","net/minecraft/src","0"
"BlockSnowBlock","ac","Block","net/minecraft/src","0"
"EntityGhast","bp","EntityFlying","net/minecraft/src","0"
"NBTTagLong","mi","NBTBase","net/minecraft/src","0"
"Packet131MapData","ai","Packet","net/minecraft/src","0"
"RenderSquid","es","RenderLiving","net/minecraft/src","0"
"Particle","kw","","net/minecraft/src","0"
"EntityArrow","sl","Entity","net/minecraft/src","0"
"RegionFile","qj","","net/minecraft/src","0"
"GuiStats","dv","GuiScreen","net/minecraft/src","0"
"TexturePackBase","i","","net/minecraft/src","0"
"BlockRedstoneTorch","db","BlockTorch","net/minecraft/src","0"
"BlockButton","oi","Block","net/minecraft/src","0"
"BlockBed","ve","Block","net/minecraft/src","0"
"NoiseGeneratorPerlin","am","NoiseGenerator","net/minecraft/src","0"
"StatCollector","do","","net/minecraft/src","0"
"J_ArrayNodeContainer","na","","net/minecraft/src","0"
"RenderFireball","kl","Render","net/minecraft/src","0"
"ThreadDownloadImage","tj","","net/minecraft/src","0"
"RegionFileCache","rj","","net/minecraft/src","0"
"ItemSpade","wc","ItemTool","net/minecraft/src","0"
"EnumJsonNodeTypeMappingHelper","kz","","net/minecraft/src","0"
"J_JsonNodeBuilders","te","","net/minecraft/src","0"
"GuiSlot","lg","","net/minecraft/src","0"
"MapItemRenderer","iy","","net/minecraft/src","0"
"J_JsonArray","oe","J_JsonRootNode","net/minecraft/src","0"
"NBTTagEnd","lh","NBTBase","net/minecraft/src","0"
"GuiCreateWorld","fj","GuiScreen","net/minecraft/src","0"
"RenderPainting","dy","Render","net/minecraft/src","0"
"IStatType","wk","","net/minecraft/src","0"
"BlockPistonBase","jq","Block","net/minecraft/src","0"
"Packet8UpdateHealth","eu","Packet","net/minecraft/src","0"
"CraftingManager","hk","","net/minecraft/src","0"
"FurnaceRecipes","ey","","net/minecraft/src","0"
"EnumMovingObjectType","jg","","net/minecraft/src","0"
"ThreadDownloadResources","cz","","net/minecraft/src","0"
"J_JsonElementNodeSelector","qg","J_LeafFunctor","net/minecraft/src","0"
"NBTTagByte","qp","NBTBase","net/minecraft/src","0"
"WorldGenForest","k","WorldGenerator","net/minecraft/src","0"
"MetadataChunkBlock","st","","net/minecraft/src","0"
"BlockDirt","ot","Block","net/minecraft/src","0"
"RenderSnowball","dg","Render","net/minecraft/src","0"
"BlockCloth","ee","Block","net/minecraft/src","0"
"RenderHelper","u","","net/minecraft/src","0"
"SaveFormatComparator","vb","","net/minecraft/src","0"
"Packet15Place","gx","Packet","net/minecraft/src","0"
"Packet18Animation","nm","Packet","net/minecraft/src","0"
"RenderTNTPrimed","on","Render","net/minecraft/src","0"
"RenderFallingSand","gn","Render","net/minecraft/src","0"
"ThreadRunIsoClient","tx","","net/minecraft/src","0"
"TextureLavaFX","cg","TextureFX","net/minecraft/src","0"
"RecipesCrafting","jy","","net/minecraft/src","0"
"TileEntityNote","tn","TileEntity","net/minecraft/src","0"
"ShapedRecipes","is","","net/minecraft/src","0"
"RenderFish","pl","Render","net/minecraft/src","0"
"GuiMainMenu","fu","GuiScreen","net/minecraft/src","0"
"EnumStatus","cw","","net/minecraft/src","0"
"EntityLightningBolt","c","EntityWeatherEffect","net/minecraft/src","0"
"WorldBlockPositionType","tm","","net/minecraft/src","0"
"BlockFarmland","vl","Block","net/minecraft/src","0"
"WorldProviderSurface","rh","WorldProvider","net/minecraft/src","0"
"RecipesDyes","ng","","net/minecraft/src","0"
"Packet103SetSlot","hq","Packet","net/minecraft/src","0"
"Packet34EntityTeleport","rg","Packet","net/minecraft/src","0"
"NBTTagInt","pp","NBTBase","net/minecraft/src","0"
"Packet53BlockChange","tv","Packet","net/minecraft/src","0"
"SlotArmor","pv","Slot","net/minecraft/src","0"
"World","fd","","net/minecraft/src","0"
"SignModel","rf","","net/minecraft/src","0"
"IWorldAccess","pm","","net/minecraft/src","0"
"EntityWeatherEffect","yu","Entity","net/minecraft/src","0"
"J_ChainedFunctor","j","","net/minecraft/src","0"
"RenderBoat","fe","Render","net/minecraft/src","0"
"TileEntityRendererPiston","hy","TileEntitySpecialRenderer","net/minecraft/src","0"
"EntitySheep","dl","EntityAnimal","net/minecraft/src","0"
"ChunkCache","ew","","net/minecraft/src","0"
"Packet19EntityAction","ts","Packet","net/minecraft/src","0"
"GLAllocation","ge","","net/minecraft/src","0"
"ChunkCoordIntPair","yy","","net/minecraft/src","0"
"ItemReed","lv","Item","net/minecraft/src","0"
"J_FieldNodeContainer","nc","","net/minecraft/src","0"
"BlockContainer","rw","Block","net/minecraft/src","0"
"MinecraftAppletImpl","q","Minecraft","net/minecraft/src","0"
"Packet52MultiBlockChange","wu","Packet","net/minecraft/src","0"
"NetworkMasterThread","xg","","net/minecraft/src","0"
"BlockChest","e","BlockContainer","net/minecraft/src","0"
"J_JsonNodeSelectors","ka","","net/minecraft/src","0"
"ModelZombie","ej","ModelBiped","net/minecraft/src","0"
"ClippingHelperImpl","w","ClippingHelper","net/minecraft/src","0"
"EnumOS1","jn","","net/minecraft/src","0"
"BlockStairs","ss","Block","net/minecraft/src","0"
"Packet21PickupSpawn","nd","Packet","net/minecraft/src","0"
"BlockClay","rz","Block","net/minecraft/src","0"
"TerrainTextureManager","un","","net/minecraft/src","0"
"J_JsonNodeList","y","","net/minecraft/src","0"
"RecipeSorter","ky","","net/minecraft/src","0"
"J_NodeContainer","pu","","net/minecraft/src","0"
"Vec3D","bt","","net/minecraft/src","0"
"EntitySorter","jo","","net/minecraft/src","0"
"J_JsonRootNode","qe","J_JsonNode","net/minecraft/src","0"
"Packet25EntityPainting","vt","Packet","net/minecraft/src","0"
"Packet16BlockItemSwitch","ho","Packet","net/minecraft/src","0"
"NBTBase","ij","","net/minecraft/src","0"
"ItemDye","km","Item","net/minecraft/src","0"
"Packet104WindowItems","kb","Packet","net/minecraft/src","0"
"ModelSlime","no","ModelBase","net/minecraft/src","0"
"J_JsonConstants","vn","J_JsonNode","net/minecraft/src","0"
"GuiCrafting","oo","GuiContainer","net/minecraft/src","0"
"Timer","py","","net/minecraft/src","0"
"BlockFire","yq","Block","net/minecraft/src","0"
"BlockTorch","vm","Block","net/minecraft/src","0"
"StepSoundSand","aj","StepSound","net/minecraft/src","0"
"ThreadSleepForever","kg","","net/minecraft/src","0"
"MouseFilter","cu","","net/minecraft/src","0"
"J_JsonNodeDoesNotMatchJsonNodeSelectorException","ad","","net/minecraft/src","0"
"WorldGenerator","pg","","net/minecraft/src","0"
"BlockGlass","fk","BlockBreakable","net/minecraft/src","0"
"NoiseGeneratorOctaves2","ug","NoiseGenerator","net/minecraft/src","0"
"EntityFlameFX","qu","EntityFX","net/minecraft/src","0"
"NetHandler","ti","","net/minecraft/src","0"
"PacketCounter","nv","","net/minecraft/src","0"
"Packet39AttachEntity","ns","Packet","net/minecraft/src","0"
"Packet50PreChunk","se","Packet","net/minecraft/src","0"
"ModelSquid","wn","ModelBase","net/minecraft/src","0"
"EntityOtherPlayerMP","xz","EntityPlayer","net/minecraft/src","0"
"EnumCreatureType","lk","","net/minecraft/src","0"
"TileEntityMobSpawnerRenderer","ag","TileEntitySpecialRenderer","net/minecraft/src","0"
"SlotFurnace","vq","Slot","net/minecraft/src","0"
"WorldGenCactus","fx","WorldGenerator","net/minecraft/src","0"
"StatList","jl","","net/minecraft/src","0"
"ICamera","yn","","net/minecraft/src","0"
"ItemCookie","qk","ItemFood","net/minecraft/src","0"
"Packet70Bed","ca","Packet","net/minecraft/src","0"
"GuiAchievement","vu","Gui","net/minecraft/src","0"
"EntityReddustFX","im","EntityFX","net/minecraft/src","0"
"ModelPig","eh","ModelQuadruped","net/minecraft/src","0"
"ChunkFile","dz","","net/minecraft/src","0"
"OsMap","tu","","net/minecraft/src","0"
"NoiseGenerator","df","","net/minecraft/src","0"
"WorldGenHellLava","qc","WorldGenerator","net/minecraft/src","0"
"Packet11PlayerPosition","af","Packet10Flying","net/minecraft/src","0"
"MathHelper","in","","net/minecraft/src","0"
"BiomeGenHell","t","BiomeGenBase","net/minecraft/src","0"
"EntityMob","gz","EntityCreature","net/minecraft/src","0"
"BlockSandStone","rd","Block","net/minecraft/src","0"
"TileEntityDispenser","az","TileEntity","net/minecraft/src","0"
"EntityHeartFX","kc","EntityFX","net/minecraft/src","0"
"GuiChat","gc","GuiScreen","net/minecraft/src","0"
"GuiUnused","ce","GuiScreen","net/minecraft/src","0"
"ItemLeaves","uy","ItemBlock","net/minecraft/src","0"
"ContainerChest","cd","Container","net/minecraft/src","0"
"BlockReed","ri","Block","net/minecraft/src","0"
"TexturePackList","ik","","net/minecraft/src","0"
"TexturePortalFX","hs","TextureFX","net/minecraft/src","0"
"Chunk","lm","","net/minecraft/src","0"
"J_JsonNodeBuilder","lb","","net/minecraft/src","0"
"EnumMobType","rt","","net/minecraft/src","0"
"NBTTagList","sp","NBTBase","net/minecraft/src","0"
"ItemSword","qd","Item","net/minecraft/src","0"
"WorldProviderHell","wd","WorldProvider","net/minecraft/src","0"
"TileEntityChest","js","TileEntity","net/minecraft/src","0"
"BlockSapling","he","BlockFlower","net/minecraft/src","0"
"Packet71Weather","fa","Packet","net/minecraft/src","0"
"WorldGenTrees","yh","WorldGenerator","net/minecraft/src","0"
"Packet32EntityLook","sb","Packet30Entity","net/minecraft/src","0"
"IInventory","lw","","net/minecraft/src","0"
"ContainerFurnace","bm","Container","net/minecraft/src","0"
"BiomeGenSky","ry","BiomeGenBase","net/minecraft/src","0"
"NetworkWriterThread","xl","","net/minecraft/src","0"
"EnumJsonNodeType","at","","net/minecraft/src","0"
"J_ObjectNodeContainer","my","","net/minecraft/src","0"
"ItemBucket","bc","Item","net/minecraft/src","0"
"BlockLog","vg","Block","net/minecraft/src","0"
"StatBase","vr","","net/minecraft/src","0"
"J_CompactJsonFormatter","el","","net/minecraft/src","0"
"ModelCow","hh","ModelQuadruped","net/minecraft/src","0"
"BlockOreStorage","l","Block","net/minecraft/src","0"
"RecipesWeapons","xc","","net/minecraft/src","0"
"J_JsonNode","gu","","net/minecraft/src","0"
"RenderSpider","yx","RenderLiving","net/minecraft/src","0"
"TexturePackDefault","pa","TexturePackBase","net/minecraft/src","0"
"PlayerController","ob","","net/minecraft/src","0"
"EntityNoteFX","ae","EntityFX","net/minecraft/src","0"
"GuiDispenser","gq","GuiContainer","net/minecraft/src","0"
"RenderChicken","ip","RenderLiving","net/minecraft/src","0"
"EntityChicken","ww","EntityAnimal","net/minecraft/src","0"
"ItemPickaxe","au","ItemTool","net/minecraft/src","0"
"RenderEngine","ji","","net/minecraft/src","0"
"EntityExplodeFX","gy","EntityFX","net/minecraft/src","0"
"IStatStringFormat","gt","","net/minecraft/src","0"
"Tessellator","nw","","net/minecraft/src","0"
"RenderSorter","md","","net/minecraft/src","0"
"ChunkCoordinates","br","","net/minecraft/src","0"
"ChatLine","sw","","net/minecraft/src","0"
"ChunkFolderPattern","cm","","net/minecraft/src","0"
"AchievementList","ep","","net/minecraft/src","0"
"IRecipe","dt","","net/minecraft/src","0"
"MD5String","hf","","net/minecraft/src","0"
"GameWindowListener","kj","","net/minecraft/src","0"
"ColorizerGrass","ia","","net/minecraft/src","0"
"ChunkProviderHell","qn","","net/minecraft/src","0"
"WorldChunkManagerHell","hd","WorldChunkManager","net/minecraft/src","0"
"BlockGravel","ne","BlockSand","net/minecraft/src","0"
"J_JsonObjectNodeBuilder","sx","","net/minecraft/src","0"
"ItemAxe","ta","ItemTool","net/minecraft/src","0"
"EntityZombie","uz","EntityMob","net/minecraft/src","0"
"TileEntitySignRenderer","po","TileEntitySpecialRenderer","net/minecraft/src","0"
"ChunkProvider","ok","","net/minecraft/src","0"
"ItemSign","vc","Item","net/minecraft/src","0"
"EntityWaterMob","ar","EntityCreature","net/minecraft/src","0"
"WorldGenReed","ir","WorldGenerator","net/minecraft/src","0"
"ModelQuadruped","nn","ModelBase","net/minecraft/src","0"
"Packet17Sleep","jz","Packet","net/minecraft/src","0"
"IsoImageBuffer","re","","net/minecraft/src","0"
"ItemCloth","bi","ItemBlock","net/minecraft/src","0"
"ModelChicken","td","ModelBase","net/minecraft/src","0"
"J_JsonEscapedString","yt","","net/minecraft/src","0"
"BlockPortal","ak","BlockBreakable","net/minecraft/src","0"
"GuiTextField","ro","Gui","net/minecraft/src","0"
"PlayerControllerMP","xk","PlayerController","net/minecraft/src","0"
"RenderEntity","mb","Render","net/minecraft/src","0"
"BlockTrapDoor","oq","Block","net/minecraft/src","0"
"ThreadStatSyncherSend","vj","","net/minecraft/src","0"
"J_JsonNodeSelector","jt","","net/minecraft/src","0"
"ItemMap","wr","ItemMapBase","net/minecraft/src","0"
"EntityTNTPrimed","qw","Entity","net/minecraft/src","0"
"EntityPainting","qv","Entity","net/minecraft/src","0"
"Packet22Collect","di","Packet","net/minecraft/src","0"
"BlockBookshelf","hb","Block","net/minecraft/src","0"
"TileEntityRenderer","ll","","net/minecraft/src","0"
"BlockFurnace","tc","BlockContainer","net/minecraft/src","0"
"WorldProvider","xa","","net/minecraft/src","0"
"BlockSnow","jr","Block","net/minecraft/src","0"
"BlockLever","xr","Block","net/minecraft/src","0"
"J_PositionTrackingPushbackReader","lj","","net/minecraft/src","0"
"Packet10Flying","ig","Packet","net/minecraft/src","0"
"NoiseGenerator2","cc","","net/minecraft/src","0"
"EntitySnowShovelFX","mu","EntityFX","net/minecraft/src","0"
"StatTypeDistance","bn","","net/minecraft/src","0"
"RecipesTools","ha","","net/minecraft/src","0"
"J_JsonNullNodeBuilder","uc","","net/minecraft/src","0"
"InventoryLargeChest","og","","net/minecraft/src","0"
"MapGenBase","fv","","net/minecraft/src","0"
"BlockSign","uj","BlockContainer","net/minecraft/src","0"
"GuiConnectFailed","ex","GuiScreen","net/minecraft/src","0"
"J_JsonObject","kr","J_JsonRootNode","net/minecraft/src","0"
"MaterialLogic","aq","Material","net/minecraft/src","0"
"PanelCrashReport","cb","","net/minecraft/src","0"
"BiomeGenSwamp","tf","BiomeGenBase","net/minecraft/src","0"
"MovementInput","uo","","net/minecraft/src","0"
"Packet200Statistic","of","Packet","net/minecraft/src","0"
"SpawnerAnimals","cq","","net/minecraft/src","0"
"WorldGenTaiga2","ws","WorldGenerator","net/minecraft/src","0"
"EntityDiggingFX","qm","EntityFX","net/minecraft/src","0"
"ContainerWorkbench","it","Container","net/minecraft/src","0"
"NetworkManager","pf","","net/minecraft/src","0"
"TextureCompassFX","av","TextureFX","net/minecraft/src","0"
"ContainerPlayer","aa","Container","net/minecraft/src","0"
"GuiMultiplayer","lq","GuiScreen","net/minecraft/src","0"
"EntityFireball","cf","Entity","net/minecraft/src","0"
"WorldChunkManager","xv","","net/minecraft/src","0"
"BlockDeadBush","jb","BlockFlower","net/minecraft/src","0"
"ItemSaddle","sa","Item","net/minecraft/src","0"
"StatTypeSimple","bq","","net/minecraft/src","0"
"Packet61DoorChange","fn","Packet","net/minecraft/src","0"
"EntityCow","bx","EntityAnimal","net/minecraft/src","0"
"Empty2","ic","","net/minecraft/src","0"
"GuiWorldSlot","mg","GuiSlot","net/minecraft/src","0"
"TileEntitySpecialRenderer","je","","net/minecraft/src","0"
"BlockDispenser","xq","BlockContainer","net/minecraft/src","0"
"BiomeGenTaiga","g","BiomeGenBase","net/minecraft/src","0"
"ThreadConnectToServer","wz","","net/minecraft/src","0"
"Packet51MapChunk","ef","Packet","net/minecraft/src","0"
"CanvasCrashReport","wv","","net/minecraft/src","0"
"Packet9Respawn","ox","Packet","net/minecraft/src","0"
"RenderCreeper","m","RenderLiving","net/minecraft/src","0"
"RenderSheep","xy","RenderLiving","net/minecraft/src","0"
"ItemMapBase","cp","Item","net/minecraft/src","0"
"NibbleArray","wi","","net/minecraft/src","0"
"EntityBoat","fz","Entity","net/minecraft/src","0"
"Block","uu","","net/minecraft/src","0"
"GuiButton","ke","Gui","net/minecraft/src","0"
"Packet40EntityMetadata","ux","Packet","net/minecraft/src","0"
"Pathfinder","fw","","net/minecraft/src","0"
"MapData","iu","MapDataBase","net/minecraft/src","0"
"J_JsonStringNodeSelector","kk","J_LeafFunctor","net/minecraft/src","0"
"BlockFlower","wb","Block","net/minecraft/src","0"
"StringTranslate","nh","","net/minecraft/src","0"
"GameSettings","kv","","net/minecraft/src","0"
"Frustrum","sr","","net/minecraft/src","0"
"BlockMobSpawner","dd","BlockContainer","net/minecraft/src","0"
"RenderGhast","pq","RenderLiving","net/minecraft/src","0"
"Packet0KeepAlive","lz","Packet","net/minecraft/src","0"
"Packet60Explosion","rm","Packet","net/minecraft/src","0"
"MinecraftException","us","","net/minecraft/src","0"
"GuiRenameWorld","jk","GuiScreen","net/minecraft/src","0"
"ItemFlintAndSteel","ye","Item","net/minecraft/src","0"
"RedstoneUpdateInfo","xu","","net/minecraft/src","0"
"J_JsonListener","wg","","net/minecraft/src","0"
"MapGenCaves","sq","MapGenBase","net/minecraft/src","0"
"EntityList","jc","","net/minecraft/src","0"
"EntitySplashFX","sy","EntityRainFX","net/minecraft/src","0"
"BlockPistonExtension","h","Block","net/minecraft/src","0"
"BlockGlowStone","ly","Block","net/minecraft/src","0"
"ModelSpider","sc","ModelBase","net/minecraft/src","0"
"J_JsonObjectNodeSelector","qf","J_LeafFunctor","net/minecraft/src","0"
"ColorizerWater","hw","","net/minecraft/src","0"
"NBTTagByteArray","hn","NBTBase","net/minecraft/src","0"
"PistonBlockTextures","wj","","net/minecraft/src","0"
"ModelCreeper","il","ModelBase","net/minecraft/src","0"
"SaveHandlerMP","wy","","net/minecraft/src","0"
"ChunkProviderGenerate","yf","","net/minecraft/src","0"
"WorldGenClay","ms","WorldGenerator","net/minecraft/src","0"
"BlockLadder","dp","Block","net/minecraft/src","0"
"RenderPlayer","ds","RenderLiving","net/minecraft/src","0"
"GuiConnecting","vx","GuiScreen","net/minecraft/src","0"
"MinecraftApplet","MinecraftApplet","","net/minecraft/client","0"
"Minecraft","Minecraft","","net/minecraft/client","0"
"RecipesArmor","n","","net/minecraft/src","1"
"Packet1Login","iv","Packet","net/minecraft/src","1"
"StatTypeTime","av","","net/minecraft/src","1"
"IProgressUpdate","pj","","net/minecraft/src","1"
"InventoryCraftResult","of","","net/minecraft/src","1"
"SaveOldDir","ie","PlayerNBTManager","net/minecraft/src","1"
"ItemHoe","gz","Item","net/minecraft/src","1"
"Packet54PlayNoteBlock","nv","Packet","net/minecraft/src","1"
"BlockNetherrack","po","Block","net/minecraft/src","1"
"IBlockAccess","pb","","net/minecraft/src","1"
"IPlayerFileData","fl","","net/minecraft/src","1"
"BlockRedstoneRepeater","oi","Block","net/minecraft/src","1"
"Packet2Handshake","hy","Packet","net/minecraft/src","1"
"ItemRecord","mj","Item","net/minecraft/src","1"
"WorldGenFlowers","am","WorldGenerator","net/minecraft/src","1"
"BlockTallGrass","kz","BlockFlower","net/minecraft/src","1"
"EntityFlying","ok","EntityLiving","net/minecraft/src","1"
"RegionFileChunkBuffer","fh","","net/minecraft/src","1"
"NetworkReaderThread","oy","","net/minecraft/src","1"
"MaterialPortal","jg","Material","net/minecraft/src","1"
"Packet106Transaction","ja","Packet","net/minecraft/src","1"
"MovingObjectPosition","nh","","net/minecraft/src","1"
"BlockTNT","t","Block","net/minecraft/src","1"
"Material","hj","","net/minecraft/src","1"
"BlockStationary","is","BlockFluid","net/minecraft/src","1"
"ChunkPosition","oa","","net/minecraft/src","1"
"BlockLeavesBase","in","Block","net/minecraft/src","1"
"NextTickListEntry","ki","","net/minecraft/src","1"
"InventoryCrafting","hz","","net/minecraft/src","1"
"EntityPigZombie","pi","EntityZombie","net/minecraft/src","1"
"ItemStack","fy","","net/minecraft/src","1"
"Packet31RelEntityMove","lw","Packet30Entity","net/minecraft/src","1"
"SaveFormatOld","mi","","net/minecraft/src","1"
"BlockFence","gn","Block","net/minecraft/src","1"
"BlockLeaves","ar","BlockLeavesBase","net/minecraft/src","1"
"BlockNote","jr","BlockContainer","net/minecraft/src","1"
"BlockLockedChest","gv","Block","net/minecraft/src","1"
"BiomeGenDesert","dw","BiomeGenBase","net/minecraft/src","1"
"EntityFallingSand","gl","Entity","net/minecraft/src","1"
"ChunkFilePattern","kw","","net/minecraft/src","1"
"Packet28EntityVelocity","ef","Packet","net/minecraft/src","1"
"ServerWindowAdapter","q","","net/minecraft/src","1"
"WorldGenDeadBush","gw","WorldGenerator","net/minecraft/src","1"
"ISaveHandler","om","","net/minecraft/src","1"
"BiomeGenRainforest","pp","BiomeGenBase","net/minecraft/src","1"
"Packet130UpdateSign","ms","Packet","net/minecraft/src","1"
"ItemPainting","ps","Item","net/minecraft/src","1"
"WorldGenDungeons","da","WorldGenerator","net/minecraft/src","1"
"PlayerHash","dx","","net/minecraft/src","1"
"BlockCactus","je","Block","net/minecraft/src","1"
"EntityPlayer","em","EntityLiving","net/minecraft/src","1"
"BiomeGenBase","gs","","net/minecraft/src","1"
"MaterialLiquid","lk","Material","net/minecraft/src","1"
"SaveConverterMcRegion","ex","SaveFormatOld","net/minecraft/src","1"
"Packet12PlayerLook","nm","Packet10Flying","net/minecraft/src","1"
"Packet6SpawnPosition","km","Packet","net/minecraft/src","1"
"BlockBreakable","gh","Block","net/minecraft/src","1"
"IChunkProvider","bl","","net/minecraft/src","1"
"BlockMushroom","md","BlockFlower","net/minecraft/src","1"
"WorldGenLakes","cd","WorldGenerator","net/minecraft/src","1"
"IUpdatePlayerListBox","dg","","net/minecraft/src","1"
"WorldGenLiquids","pc","WorldGenerator","net/minecraft/src","1"
"BlockObsidian","dh","BlockStone","net/minecraft/src","1"
"WorldGenTallGrass","ad","WorldGenerator","net/minecraft/src","1"
"Packet13PlayerLookMove","dc","Packet10Flying","net/minecraft/src","1"
"Empty1","en","","net/minecraft/src","1"
"BlockIce","ik","BlockBreakable","net/minecraft/src","1"
"TileEntityMobSpawner","bx","TileEntity","net/minecraft/src","1"
"PlayerInstance","y","","net/minecraft/src","1"
"EntityWolf","eh","EntityAnimal","net/minecraft/src","1"
"ItemDoor","fg","Item","net/minecraft/src","1"
"WorldInfo","ct","","net/minecraft/src","1"
"Packet","gt","","net/minecraft/src","1"
"EntitySnowball","be","Entity","net/minecraft/src","1"
"ItemShears","as","Item","net/minecraft/src","1"
"Entity","lq","","net/minecraft/src","1"
"IChunkLoader","an","","net/minecraft/src","1"
"BlockRedstoneOre","az","Block","net/minecraft/src","1"
"NBTTagDouble","lx","NBTBase","net/minecraft/src","1"
"BlockDetectorRail","jn","BlockRail","net/minecraft/src","1"
"ChatAllowedCharacters","du","","net/minecraft/src","1"
"AxisAlignedBB","cz","","net/minecraft/src","1"
"WorldGenMinable","dr","WorldGenerator","net/minecraft/src","1"
"TileEntitySign","pq","TileEntity","net/minecraft/src","1"
"BlockStone","cx","Block","net/minecraft/src","1"
"Packet100OpenWindow","fw","Packet","net/minecraft/src","1"
"Packet23VehicleSpawn","ls","Packet","net/minecraft/src","1"
"PathPoint","d","","net/minecraft/src","1"
"EntitySlime","nb","EntityLiving","net/minecraft/src","1"
"Packet102WindowClick","ke","Packet","net/minecraft/src","1"
"ItemSoup","bf","ItemFood","net/minecraft/src","1"
"EntityEgg","nu","Entity","net/minecraft/src","1"
"ThreadLoginVerifier","cv","","net/minecraft/src","1"
"ChunkProviderSky","gb","","net/minecraft/src","1"
"Packet27Position","jz","Packet","net/minecraft/src","1"
"MaterialTransparent","ho","Material","net/minecraft/src","1"
"ISaveFormat","il","","net/minecraft/src","1"
"EntityItem","ez","Entity","net/minecraft/src","1"
"NBTTagShort","mv","NBTBase","net/minecraft/src","1"
"EnumToolMaterial","bb","","net/minecraft/src","1"
"BlockCake","mw","Block","net/minecraft/src","1"
"ItemBoat","ni","Item","net/minecraft/src","1"
"BlockPressurePlate","bc","Block","net/minecraft/src","1"
"SpawnListEntry","aq","","net/minecraft/src","1"
"EntitySkeleton","dv","EntityMob","net/minecraft/src","1"
"BlockFluid","kv","Block","net/minecraft/src","1"
"PathEntity","cb","","net/minecraft/src","1"
"BlockSoulSand","iu","Block","net/minecraft/src","1"
"MCHashEntry","og","","net/minecraft/src","1"
"TileEntityPiston","mu","TileEntity","net/minecraft/src","1"
"BlockJukeBox","dt","BlockContainer","net/minecraft/src","1"
"StepSoundStone","aa","StepSound","net/minecraft/src","1"
"ItemSlab","cw","ItemBlock","net/minecraft/src","1"
"ItemPiston","kc","ItemBlock","net/minecraft/src","1"
"Packet4UpdateTime","ew","Packet","net/minecraft/src","1"
"EnumArt","fr","","net/minecraft/src","1"
"Packet29DestroyEntity","la","Packet","net/minecraft/src","1"
"EnumSkyBlock","co","","net/minecraft/src","1"
"GuiStatsComponent","gy","","net/minecraft/src","1"
"CompressedStreamTools","ag","","net/minecraft/src","1"
"EntitySpider","bn","EntityMob","net/minecraft/src","1"
"EntityMinecart","pr","Entity","net/minecraft/src","1"
"ItemSnowball","cf","Item","net/minecraft/src","1"
"EntityAnimal","ao","EntityCreature","net/minecraft/src","1"
"IMob","dk","","net/minecraft/src","1"
"BlockDoor","hc","Block","net/minecraft/src","1"
"WatchableObject","ht","","net/minecraft/src","1"
"BlockCrops","ij","BlockFlower","net/minecraft/src","1"
"RecipesIngots","mh","","net/minecraft/src","1"
"MapDataBase","fa","","net/minecraft/src","1"
"StepSound","bu","","net/minecraft/src","1"
"Packet7UseEntity","a","Packet","net/minecraft/src","1"
"Packet105UpdateProgressbar","id","Packet","net/minecraft/src","1"
"ItemLog","ek","ItemBlock","net/minecraft/src","1"
"SlotCrafting","py","Slot","net/minecraft/src","1"
"MapStorage","es","","net/minecraft/src","1"
"WorldGenFire","pe","WorldGenerator","net/minecraft/src","1"
"BlockStep","pw","Block","net/minecraft/src","1"
"ThreadCommandReader","bs","","net/minecraft/src","1"
"StatBasic","pm","StatBase","net/minecraft/src","1"
"BlockRedstoneWire","lo","Block","net/minecraft/src","1"
"BlockGrass","oj","Block","net/minecraft/src","1"
"Explosion","kh","","net/minecraft/src","1"
"ItemEgg","hx","Item","net/minecraft/src","1"
"BlockRail","jj","Block","net/minecraft/src","1"
"McRegionChunkLoader","hb","","net/minecraft/src","1"
"BlockOre","ic","Block","net/minecraft/src","1"
"DataWatcher","mo","","net/minecraft/src","1"
"Packet20NamedEntitySpawn","hu","Packet","net/minecraft/src","1"
"ItemCoal","lc","Item","net/minecraft/src","1"
"Packet3Chat","jk","Packet","net/minecraft/src","1"
"EntityGiantZombie","ip","EntityMob","net/minecraft/src","1"
"Packet38EntityStatus","gc","Packet","net/minecraft/src","1"
"ItemArmor","nx","Item","net/minecraft/src","1"
"ItemInWorldManager","pu","","net/minecraft/src","1"
"Packet33RelEntityMoveLook","ju","Packet30Entity","net/minecraft/src","1"
"WorldProviderSky","aj","WorldProvider","net/minecraft/src","1"
"AchievementMap","b","","net/minecraft/src","1"
"BlockSand","ei","Block","net/minecraft/src","1"
"WorldGenPumpkin","op","WorldGenerator","net/minecraft/src","1"
"NBTTagCompound","iq","NBTBase","net/minecraft/src","1"
"WorldGenGlowStone2","lj","WorldGenerator","net/minecraft/src","1"
"ICrafting","cp","","net/minecraft/src","1"
"ItemFishingRod","bv","Item","net/minecraft/src","1"
"EntitySquid","pf","EntityWaterMob","net/minecraft/src","1"
"BiomeGenForest","kk","BiomeGenBase","net/minecraft/src","1"
"MapGenCavesHell","jo","MapGenBase","net/minecraft/src","1"
"NBTTagFloat","k","NBTBase","net/minecraft/src","1"
"TileEntityFurnace","ln","TileEntity","net/minecraft/src","1"
"EntityLiving","hl","Entity","net/minecraft/src","1"
"ServerConfigurationManager","fc","","net/minecraft/src","1"
"ChunkLoader","mg","","net/minecraft/src","1"
"BlockWeb","ku","Block","net/minecraft/src","1"
"ItemSapling","ia","ItemBlock","net/minecraft/src","1"
"EmptyChunk","hg","Chunk","net/minecraft/src","1"
"ThreadServerApplication","bq","","net/minecraft/src","1"
"NBTTagString","ou","NBTBase","net/minecraft/src","1"
"PlayerHashEntry","kd","","net/minecraft/src","1"
"ChunkBlockMap","nn","","net/minecraft/src","1"
"ShapelessRecipes","ml","","net/minecraft/src","1"
"BlockSponge","ov","Block","net/minecraft/src","1"
"ItemMinecart","ks","Item","net/minecraft/src","1"
"BlockWorkbench","dn","Block","net/minecraft/src","1"
"EntityCreature","fp","EntityLiving","net/minecraft/src","1"
"Teleporter","mx","","net/minecraft/src","1"
"MapColor","cm","","net/minecraft/src","1"
"RailLogic","nq","","net/minecraft/src","1"
"MapCoord","ai","","net/minecraft/src","1"
"Achievement","it","StatBase","net/minecraft/src","1"
"TileEntityRecordPlayer","cr","TileEntity","net/minecraft/src","1"
"NetServerHandler","ha","NetHandler","net/minecraft/src","1"
"MCHash","go","","net/minecraft/src","1"
"ConsoleCommandHandler","mc","","net/minecraft/src","1"
"BlockPistonMoving","mz","BlockContainer","net/minecraft/src","1"
"Path","hd","","net/minecraft/src","1"
"Item","ej","","net/minecraft/src","1"
"TileEntity","jh","","net/minecraft/src","1"
"BlockFlowing","jc","BlockFluid","net/minecraft/src","1"
"WorldGenTaiga1","jt","WorldGenerator","net/minecraft/src","1"
"InventoryPlayer","fx","","net/minecraft/src","1"
"Slot","el","","net/minecraft/src","1"
"ModelBed","ge","","net/minecraft/src","1"
"ItemBed","hk","Item","net/minecraft/src","1"
"EntityCreeper","ec","EntityMob","net/minecraft/src","1"
"Packet101CloseWindow","hw","Packet","net/minecraft/src","1"
"Packet24MobSpawn","gf","Packet","net/minecraft/src","1"
"WorldManager","dm","","net/minecraft/src","1"
"ItemRedstone","fk","Item","net/minecraft/src","1"
"Packet14BlockDig","gm","Packet","net/minecraft/src","1"
"MapInfo","lm","","net/minecraft/src","1"
"ItemTool","cj","Item","net/minecraft/src","1"
"Container","cl","","net/minecraft/src","1"
"EntityPig","oc","EntityAnimal","net/minecraft/src","1"
"EntityFish","hq","Entity","net/minecraft/src","1"
"Packet5PlayerInventory","l","Packet","net/minecraft/src","1"
"NoiseGeneratorOctaves","mp","NoiseGenerator","net/minecraft/src","1"
"ItemBlock","bk","Item","net/minecraft/src","1"
"BlockPumpkin","di","Block","net/minecraft/src","1"
"Packet30Entity","mr","Packet","net/minecraft/src","1"
"ItemFood","px","Item","net/minecraft/src","1"
"Packet255KickDisconnect","pv","Packet","net/minecraft/src","1"
"StatCrafting","mm","StatBase","net/minecraft/src","1"
"ItemBow","kj","Item","net/minecraft/src","1"
"WorldGenBigTree","fn","WorldGenerator","net/minecraft/src","1"
"ItemSeeds","kr","Item","net/minecraft/src","1"
"WorldGenGlowStone1","ed","WorldGenerator","net/minecraft/src","1"
"PlayerListBox","i","","net/minecraft/src","1"
"RecipesFood","iw","","net/minecraft/src","1"
"ContainerDispenser","ll","Container","net/minecraft/src","1"
"BlockSnowBlock","p","Block","net/minecraft/src","1"
"PlayerManager","oo","","net/minecraft/src","1"
"EntityGhast","aw","EntityFlying","net/minecraft/src","1"
"NBTTagLong","hv","NBTBase","net/minecraft/src","1"
"Packet131MapData","w","Packet","net/minecraft/src","1"
"EntityArrow","lp","Entity","net/minecraft/src","1"
"RegionFile","jx","","net/minecraft/src","1"
"ServerGuiCommandListener","r","","net/minecraft/src","1"
"BlockRedstoneTorch","by","BlockTorch","net/minecraft/src","1"
"BlockButton","iz","Block","net/minecraft/src","1"
"BlockBed","nj","Block","net/minecraft/src","1"
"NoiseGeneratorPerlin","ab","NoiseGenerator","net/minecraft/src","1"
"StatCollector","ch","","net/minecraft/src","1"
"RegionFileCache","kq","","net/minecraft/src","1"
"ItemSpade","ny","ItemTool","net/minecraft/src","1"
"NBTTagEnd","hf","NBTBase","net/minecraft/src","1"
"IStatType","oe","","net/minecraft/src","1"
"BlockPistonBase","gi","Block","net/minecraft/src","1"
"Packet8UpdateHealth","db","Packet","net/minecraft/src","1"
"GuiLogFormatter","fi","","net/minecraft/src","1"
"CraftingManager","ey","","net/minecraft/src","1"
"FurnaceRecipes","de","","net/minecraft/src","1"
"EntityTracker","nl","","net/minecraft/src","1"
"EnumMovingObjectType","gd","","net/minecraft/src","1"
"ConsoleLogFormatter","oh","","net/minecraft/src","1"
"NBTTagByte","kb","NBTBase","net/minecraft/src","1"
"WorldGenForest","h","WorldGenerator","net/minecraft/src","1"
"MetadataChunkBlock","lv","","net/minecraft/src","1"
"BlockDirt","jf","Block","net/minecraft/src","1"
"EntityPlayerMP","dl","EntityPlayer","net/minecraft/src","1"
"ServerCommand","af","","net/minecraft/src","1"
"BlockCloth","cq","Block","net/minecraft/src","1"
"Packet15Place","eo","Packet","net/minecraft/src","1"
"Packet18Animation","im","Packet","net/minecraft/src","1"
"RecipesCrafting","gp","","net/minecraft/src","1"
"TileEntityNote","mf","TileEntity","net/minecraft/src","1"
"ShapedRecipes","ft","","net/minecraft/src","1"
"EnumStatus","bw","","net/minecraft/src","1"
"EntityLightningBolt","c","EntityWeatherEffect","net/minecraft/src","1"
"BlockFarmland","no","Block","net/minecraft/src","1"
"WorldProviderSurface","kp","WorldProvider","net/minecraft/src","1"
"RecipesDyes","ih","","net/minecraft/src","1"
"Packet103SetSlot","fe","Packet","net/minecraft/src","1"
"Packet34EntityTeleport","kn","Packet","net/minecraft/src","1"
"NBTTagInt","jq","NBTBase","net/minecraft/src","1"
"Packet53BlockChange","mn","Packet","net/minecraft/src","1"
"SlotArmor","js","Slot","net/minecraft/src","1"
"GuiLogOutputHandler","ci","","net/minecraft/src","1"
"World","dj","","net/minecraft/src","1"
"IWorldAccess","jp","","net/minecraft/src","1"
"EntityWeatherEffect","pz","Entity","net/minecraft/src","1"
"EntityTrackerEntry","ff","","net/minecraft/src","1"
"EntitySheep","ce","EntityAnimal","net/minecraft/src","1"
"ChunkCache","dd","","net/minecraft/src","1"
"Packet19EntityAction","mk","Packet","net/minecraft/src","1"
"ChunkCoordIntPair","qa","","net/minecraft/src","1"
"ItemReed","hn","Item","net/minecraft/src","1"
"BlockContainer","lb","Block","net/minecraft/src","1"
"Packet52MultiBlockChange","oq","Packet","net/minecraft/src","1"
"NetworkMasterThread","ow","","net/minecraft/src","1"
"BlockChest","e","BlockContainer","net/minecraft/src","1"
"BlockStairs","lu","Block","net/minecraft/src","1"
"Packet21PickupSpawn","if","Packet","net/minecraft/src","1"
"BlockClay","lf","Block","net/minecraft/src","1"
"RecipeSorter","gx","","net/minecraft/src","1"
"Vec3D","ba","","net/minecraft/src","1"
"Packet25EntityPainting","nt","Packet","net/minecraft/src","1"
"IAnimals","u","","net/minecraft/src","1"
"Packet16BlockItemSwitch","fd","Packet","net/minecraft/src","1"
"NBTBase","fo","","net/minecraft/src","1"
"ItemDye","gu","Item","net/minecraft/src","1"
"Packet104WindowItems","gr","Packet","net/minecraft/src","1"
"PlayerNBTManager","dq","","net/minecraft/src","1"
"BlockFire","pt","Block","net/minecraft/src","1"
"NetworkAcceptThread","ld","","net/minecraft/src","1"
"BlockTorch","np","Block","net/minecraft/src","1"
"StepSoundSand","x","StepSound","net/minecraft/src","1"
"ThreadSleepForever","bt","","net/minecraft/src","1"
"WorldGenerator","jm","","net/minecraft/src","1"
"BlockGlass","do","BlockBreakable","net/minecraft/src","1"
"NoiseGeneratorOctaves2","mq","NoiseGenerator","net/minecraft/src","1"
"WorldServerMulti","eg","WorldServer","net/minecraft/src","1"
"NetHandler","me","","net/minecraft/src","1"
"ConvertProgressUpdater","br","","net/minecraft/src","1"
"PacketCounter","ir","","net/minecraft/src","1"
"Packet39AttachEntity","io","Packet","net/minecraft/src","1"
"Packet50PreChunk","li","Packet","net/minecraft/src","1"
"EnumCreatureType","hh","","net/minecraft/src","1"
"SlotFurnace","nr","Slot","net/minecraft/src","1"
"WorldGenCactus","ea","WorldGenerator","net/minecraft/src","1"
"StatList","gg","","net/minecraft/src","1"
"ItemCookie","jy","ItemFood","net/minecraft/src","1"
"Packet70Bed","bg","Packet","net/minecraft/src","1"
"ChunkFile","cn","","net/minecraft/src","1"
"NoiseGenerator","ca","","net/minecraft/src","1"
"WorldGenHellLava","jv","WorldGenerator","net/minecraft/src","1"
"Packet11PlayerPosition","v","Packet10Flying","net/minecraft/src","1"
"MathHelper","fq","","net/minecraft/src","1"
"BiomeGenHell","m","BiomeGenBase","net/minecraft/src","1"
"EntityMob","ep","EntityCreature","net/minecraft/src","1"
"BlockSandStone","kl","Block","net/minecraft/src","1"
"TileEntityDispenser","ak","TileEntity","net/minecraft/src","1"
"ItemLeaves","nd","ItemBlock","net/minecraft/src","1"
"ContainerChest","bh","Container","net/minecraft/src","1"
"BlockReed","ko","Block","net/minecraft/src","1"
"Chunk","hi","","net/minecraft/src","1"
"EnumMobType","kx","","net/minecraft/src","1"
"NBTTagList","lr","NBTBase","net/minecraft/src","1"
"ItemSword","jw","Item","net/minecraft/src","1"
"ConsoleLogManager","ev","","net/minecraft/src","1"
"WorldProviderHell","nz","WorldProvider","net/minecraft/src","1"
"TileEntityChest","gk","TileEntity","net/minecraft/src","1"
"BlockSapling","eu","BlockFlower","net/minecraft/src","1"
"Packet71Weather","df","Packet","net/minecraft/src","1"
"WorldGenTrees","pn","WorldGenerator","net/minecraft/src","1"
"Packet32EntityLook","lh","Packet30Entity","net/minecraft/src","1"
"IInventory","hp","","net/minecraft/src","1"
"ContainerFurnace","au","Container","net/minecraft/src","1"
"BiomeGenSky","le","BiomeGenBase","net/minecraft/src","1"
"NetworkWriterThread","oz","","net/minecraft/src","1"
"ItemBucket","al","Item","net/minecraft/src","1"
"BlockLog","nk","Block","net/minecraft/src","1"
"StatBase","ns","","net/minecraft/src","1"
"BlockOreStorage","j","Block","net/minecraft/src","1"
"NetworkListenThread","cu","","net/minecraft/src","1"
"RecipesWeapons","ot","","net/minecraft/src","1"
"EntityChicken","or","EntityAnimal","net/minecraft/src","1"
"ItemPickaxe","ah","ItemTool","net/minecraft/src","1"
"ChunkCoordinates","ay","","net/minecraft/src","1"
"ChunkFolderPattern","bm","","net/minecraft/src","1"
"AchievementList","cy","","net/minecraft/src","1"
"IRecipe","ck","","net/minecraft/src","1"
"ChunkProviderHell","ka","","net/minecraft/src","1"
"WorldChunkManagerHell","et","WorldChunkManager","net/minecraft/src","1"
"BlockGravel","ig","BlockSand","net/minecraft/src","1"
"ItemAxe","ly","ItemTool","net/minecraft/src","1"
"EntityZombie","ne","EntityMob","net/minecraft/src","1"
"ChunkProvider","jb","","net/minecraft/src","1"
"ItemSign","ng","Item","net/minecraft/src","1"
"EntityWaterMob","ae","EntityCreature","net/minecraft/src","1"
"WorldGenReed","fs","WorldGenerator","net/minecraft/src","1"
"Packet17Sleep","gq","Packet","net/minecraft/src","1"
"ItemCloth","ap","ItemBlock","net/minecraft/src","1"
"BlockPortal","z","BlockBreakable","net/minecraft/src","1"
"BlockTrapDoor","jd","Block","net/minecraft/src","1"
"ItemMap","ol","ItemMapBase","net/minecraft/src","1"
"EntityTNTPrimed","kg","Entity","net/minecraft/src","1"
"EntityPainting","kf","Entity","net/minecraft/src","1"
"Packet22Collect","cc","Packet","net/minecraft/src","1"
"BlockBookshelf","er","Block","net/minecraft/src","1"
"BlockFurnace","lz","BlockContainer","net/minecraft/src","1"
"WorldProvider","os","","net/minecraft/src","1"
"BlockSnow","gj","Block","net/minecraft/src","1"
"BlockLever","pd","Block","net/minecraft/src","1"
"Packet10Flying","fm","Packet","net/minecraft/src","1"
"NoiseGenerator2","bi","","net/minecraft/src","1"
"StatTypeDistance","at","","net/minecraft/src","1"
"RecipesTools","eq","","net/minecraft/src","1"
"InventoryLargeChest","iy","","net/minecraft/src","1"
"MapGenBase","dy","","net/minecraft/src","1"
"BlockSign","mt","BlockContainer","net/minecraft/src","1"
"NetLoginHandler","ee","NetHandler","net/minecraft/src","1"
"MaterialLogic","ac","Material","net/minecraft/src","1"
"BiomeGenSwamp","ma","BiomeGenBase","net/minecraft/src","1"
"GuiStatsListener","hm","","net/minecraft/src","1"
"Packet200Statistic","ix","Packet","net/minecraft/src","1"
"SpawnerAnimals","bp","","net/minecraft/src","1"
"WorldGenTaiga2","on","WorldGenerator","net/minecraft/src","1"
"ContainerWorkbench","fu","Container","net/minecraft/src","1"
"NetworkManager","jl","","net/minecraft/src","1"
"PropertyManager","ky","","net/minecraft/src","1"
"ContainerPlayer","o","Container","net/minecraft/src","1"
"EntityFireball","bj","Entity","net/minecraft/src","1"
"WorldChunkManager","ph","","net/minecraft/src","1"
"BlockDeadBush","fz","BlockFlower","net/minecraft/src","1"
"ItemSaddle","lg","Item","net/minecraft/src","1"
"StatTypeSimple","ax","","net/minecraft/src","1"
"Packet61DoorChange","ds","Packet","net/minecraft/src","1"
"EntityCow","bd","EntityAnimal","net/minecraft/src","1"
"Empty2","fj","","net/minecraft/src","1"
"BlockDispenser","pa","BlockContainer","net/minecraft/src","1"
"BiomeGenTaiga","f","BiomeGenBase","net/minecraft/src","1"
"Packet51MapChunk","cs","Packet","net/minecraft/src","1"
"Packet9Respawn","ji","Packet","net/minecraft/src","1"
"ItemMapBase","bo","Item","net/minecraft/src","1"
"NibbleArray","ob","","net/minecraft/src","1"
"EntityBoat","eb","Entity","net/minecraft/src","1"
"Block","na","","net/minecraft/src","1"
"Packet40EntityMetadata","nc","Packet","net/minecraft/src","1"
"Pathfinder","dz","","net/minecraft/src","1"
"MapData","fv","MapDataBase","net/minecraft/src","1"
"BlockFlower","nw","Block","net/minecraft/src","1"
"StringTranslate","ii","","net/minecraft/src","1"
"ThreadMonitorConnection","ox","","net/minecraft/src","1"
"ServerGUI","nf","","net/minecraft/src","1"
"ICommandListener","mb","","net/minecraft/src","1"
"BlockMobSpawner","bz","BlockContainer","net/minecraft/src","1"
"Packet0KeepAlive","hs","Packet","net/minecraft/src","1"
"Packet60Explosion","kt","Packet","net/minecraft/src","1"
"MinecraftException","my","","net/minecraft/src","1"
"ItemFlintAndSteel","pl","Item","net/minecraft/src","1"
"RedstoneUpdateInfo","pg","","net/minecraft/src","1"
"MapGenCaves","lt","MapGenBase","net/minecraft/src","1"
"ChunkProviderServer","he","","net/minecraft/src","1"
"EntityList","ga","","net/minecraft/src","1"
"BlockPistonExtension","g","Block","net/minecraft/src","1"
"BlockGlowStone","hr","Block","net/minecraft/src","1"
"WorldServer","dp","World","net/minecraft/src","1"
"ServerGuiFocusAdapter","s","","net/minecraft/src","1"
"NBTTagByteArray","fb","NBTBase","net/minecraft/src","1"
"PistonBlockTextures","od","","net/minecraft/src","1"
"ChunkProviderGenerate","pk","","net/minecraft/src","1"
"WorldGenClay","ib","WorldGenerator","net/minecraft/src","1"
"BlockLadder","cg","Block","net/minecraft/src","1"
"MinecraftServer","MinecraftServer","","net/minecraft/server","1"
